gtaa,bengwiki,wikidata
235428,,Q2429455
244939,,Q320567
153614,Sander_Simons,Q2090116
98084,Peter_Faber,Q82302
111722,Jan_de_Hoop,Q2117185
131527,Rob_Meines,Q2184795
251483,,Q4417088
162733,,Q2338451
141875,,Q1988458
160248,Hans_Teeuwen,Q2100206
211876,,Q2318199
252479,,Q2653398
148665,Willem_Ruis,Q964993
212566,,Q2745176
116271,,Q2051340
132086,,Q2160376
165627,Pieter_de_Vink,Q2572067
86149,Isabelle_Brinkman,Q13733631
81765,Marjan_Berk,Q1925286
161379,,Q2161993
90992,,Q4828159
143986,,Q2211342
214058,,Q2744933
231839,,Q2459227
242779,,Q2070262
111284,Tosca_Hoogduin,Q2196145
169322,Henk_Westbroek,Q2187690
253488,,Q2531499
135617,Evert_ten_Napel,Q2217016
154945,,Q1981405
145836,Hugo_van_Rhijn,Q1985162
97456,Michiel_van_Erp,Q2203503
88008,,Q776288
93496,,Q2155051
107722,,Q2961058
86862,Hajo_Bruins,Q2343694
130440,,Q2358902
93657,,Q1351206
240676,,Q9002883
95289,,Q2551025
254970,,Q3410820
113733,Robert_Jensen,Q512738
150487,,Q2458880
120059,,Q2031563
242671,,Q2503474
93592,,Q2022396
111759,,Q11250436
158151,Henny_Stoel,Q3395047
151675,,Q2213235
98223,Rudi_Falkenhagen,Q2172050
128021,,Q1851767
119694,,Q2186780
100189,,Q3490296
94008,Willy_Dobbe,Q440588
138875,,Q1896293
161231,Henri%C3%ABtte_Tol,Q2373758
109191,Jan_van_Herpen,Q2617716
149341,Anniko_van_Santen,Q2306835
158216,Joop_Stokkermans,Q24917
78293,Gerard_Arninkhof,Q2130521
153605,,Q1792106
132392,,Q1856905
147260,,Q2384055
128621,Sacco_van_der_Made,Q2787063
127110,Robert_Long,Q326291
227712,,Q2628856
93467,Gerrit_van_Dijk,Q4391086
248174,,Q2145475
114998,,Q2678563
145380,,Q684142
250657,,Q2323808
234195,,Q2904185
112862,Aldith_Hunkar,Q2674823
163872,,Q2134234
150220,Julia_Samu%C3%ABl,Q2733974
102963,Theo_van_Gogh,Q205456
250071,,Q2093836
254722,,Q15881523
123981,,Q2556367
136486,Ivo_Niehe,Q2658944
247704,,Q2061191
115992,,Q1820555
84373,,Q2052453
81709,Sunny_Bergman,Q2437114
139065,,Q4285623
119579,,Q2599550
158448,,Q8042910
107534,,Q2540929
103500,Bert_Haanstra,Q827371
161856,Annette_van_Trigt,Q2248924
226915,,Q1850671
81153,Fred_Benavente,Q3188832
117611,,Q508311
156380,Henk_Spaan,Q2553229
121486,Letty_Kosterman,Q3066738
250533,,Q2382562
153777,,Q5276316
115964,,Q4802644
132669,,Q2154479
247799,,Q2748813
123447,,Q2049242
132549,,Q1837021
136436,Ruben_Nicolai,Q4691385
79726,,Q2092927
146031,,Q2460190
99352,,Q5361114
113735,,Q2663037
211156,,Q1939312
122766,,Q2771085
253670,,Q2663656
108249,Peter_Heerschop,Q4296134
156892,,Q2771680
133768,,Q2056250
161681,,Q2429077
230480,Merel_Westrik,Q2745007
 presentator,,"http://dnv-beng.mijnlieff.nl/index.php/Haring,_Bas"
118440,,Q2354830
244935,,Q2206997
125529,,Q2191872
162221,,Q2797092
167218,Jan_Vrijman,Q2278134
100184,Philip_Freriks,Q2202934
131376,,Q2721680
168724,Guus_Weitzel,Q2100766
148293,,Q3491380
87035,Erik_de_Bruyn,Q3092750
170910,,Q1173549
101895,,Q1358308
159266,Coen_Swijnenberg,Q2331789
157273,Alfred_van_Sprang,Q2997664
109063,,Q817537
172940,Hans_van_Zijl,Q3454456
115760,Manu%C3%ABla_Kemp,Q2516746
76872,,Q2177926
95809,John_Fernhout,Q1866991
95809,John_Fernhout,Q1866991
93516,,Q2741884
221183,Marco_Verhoef,Q1897052
80124,Bram_Bart,Q1807949
209912,Jeanet_Schuurman,Q2099516
163292,,Q3275406
161232,,Q3129906
251438,,Q683862
169142,Eddy_Zo%C3%ABy,Q3274101
150934,,Q2062204
148137,,Q2032739
104030,Hugo_de_Groot,Q154959
87717,,Q680728
171107,,Q2513804
110493,,Q2156668
134785,,Q2477343
84194,,Q2306223
162687,,Q2611221
144278,,Q2003448
164335,Hans_Verhagen,Q2180486
133232,,Q2805406
164763,Albert_Verlinde,Q1965433
95137,,Q2482232
122711,Hans_Leendertse,Q2706323
170918,Harry_de_Winter,Q2609814
85606,Margriet_Brandsma,Q1837834
248446,,Q1936993
243597,,Q2194714
240647,,Q999233
79729,Barend_Barendse,Q2508975
226131,,Q2678137
166389,,Q2011542
109405,,Q2741937
125283,Ton_Lensink,Q2754062
108744,Gerrit_Hiemstra,Q2473893
118487,,Q202489
225884,,Q2276061
100422,,Q873279
119795,,Q352975
141093,Toine_van_Peperstraten,Q4741247
168372,,Q2923762
142412,,Q2179111
122067,,Q15456344
122792,,Q2679210
127897,Joram_L%C3%BCrsen,Q1884261
162488,,Q2431994
246031,,Q16106859
79004,,Q330736
107140,,Q2866911
226083,,Q5748092
138228,,Q455411
168006,,Q3941288
166485,,Q2831635
233462,,Q2787096
79596,,Q2434346
173260,,Q1703564
109746,Sophie_Hilbrand,Q447090
109829,,Q466569
243824,,Q3215872
88763,,Q2678121
147691,,Q3302456
220990,,Q2004036
120531,,Q2118689
245523,,Q1836220
145490,,Q2427006
79065,,Q2656906
105519,,Q2434026
155155,,Q4044893
237537,,Q2405939
226992,,Q1828520
242852,,Q18070451
114277,,Q1888655
84660,,Q2252305
161202,Maureen_du_Toit,Q2315495
250653,,Q678099
167013,Erik_de_Vries,Q2171237
122862,Bert_van_Leeuwen,Q2379393
166979,,Q2469564
92165,Daphne_Deckers,Q82020
77846,,Q2326906
81657,,Q2308688
162292,Frits_van_Turenhout,Q2347527
116749,,Q2274842
107783,,Q2460657
121497,,Q3988842
169421,,Q2198941
143381,L%C3%A9on_Povel,Q2630746
89396,,Q1283058
94984,,Q948094
163957,,Q3107452
148158,,Q2673138
115317,,Q474707
115317,,Q474707
212147,Viktor_Brand,Q2185630
241943,,Q2000271
109532,Aad_van_den_Heuvel,Q4358772
126382,,Q1904667
96167,,Q4488111
158259,,Q2312278
106505,,Q2862038
78978,,Q2657196
134788,,Q951412
156596,Maarten_Spanjer,Q2844286
85222,,Q1813151
173251,,Q2555056
99406,,Q2292019
96841,,Q2642285
122081,,Q2057807
90373,,Q2414356
246020,,Q822635
110950,Henny_Huisman,Q5597841
167288,,Q2205382
120716,Bert_Kranenbarg,Q2604666
110784,Fedja_van_Hu%C3%AAt,Q2032606
227264,,Q18432743
167047,,Q2420110
130266,Frank_Masmeijer,Q2710329
103691,Myrna_Goossen,Q2880224
94998,,Q2161427
111113,,Q1605241
164767,,Q7340622
95024,Andr%C3%A9_van_Duin,Q523644
105617,,Q1138255
253905,,Q2350158
100728,,Q2231006
222774,Sofie_van_den_Enk,Q2059358
131396,,Q2768540
94552,,Q2123325
96707,,Q2348473
112494,,Q4417776
80649,Tom_van_Beek,Q1937760
161222,Bob_van_Tol,Q1828282
253205,,Q872513
171730,Rolf_Wouters,Q2163890
244739,,Q2215222
75647,,Q2049648
82147,,Q5442958
170193,Ivo_de_Wijs,Q2515784
86044,,Q4885341
213102,,Q2519431
169458,Bas_Westerweel,Q2666147
241350,,Q5550136
242486,,Q979509
144221,,Q359329
247892,,Q7999794
170778,Lies_de_Wind,Q2389788
118345,,Q2447597
87437,Daphne_Bunskoek,Q4660208
103376,Charles_Groenhuijsen,Q949759
127999,,Q1596073
112437,,Q556096
82286,Noraly_Beyer,Q2433688
163657,,Q2266607
101749,Winston_Gerschtanowitz,Q1923072
91350,Marcel_van_Dam,Q2356265
154740,,Q3014568
77491,,Q705624
247567,,Q3533949
114200,,Q2284005
121281,Wouter_Kurpershoek,Q2349787
120021,,Q1893677
94535,,Q2345047
231934,Eelco_Bosch_van_Rosenthal,Q2324346
252563,,Q2646851
253753,,Q1946423
161057,Frits_Thors,Q2293154
83036,Jan_Blokker,Q336943
90627,Beppe_Costa,Q2629719
155624,Joop_Smits,Q2543318
142807,Dick_Poons,Q2563109
119743,,Q1932540
80676,,Q2708617
236490,,Q1968252
,Diederik Ebbinge,95886
142997,,Q2176355
127408,Rudolf_Lucieer,Q2108050
103269,,Q2322038
95812,Roeland_Fernhout,Q1902731
115929,Michiel_Kerbosch,Q2200960
134822,,Q927
96164,,Q2248327
124006,,Q2521616
97304,,Q2328674
157531,,Q261425
131189,,Q2771558
86142,,Q3147680
104655,Angela_Groothuizen,Q683290
248779,,Q183508
241125,,Q2289270
97592,,Q2683948
112468,,Q2426988
115051,,Q6523882
83435,,Q2078301
241983,,Q18916789
134493,,Q2333542
242864,,Q2695202
228274,,Q1993856
147781,Adelheid_Roosen,Q2541611
245439,,Q2376697
142127,,Q2182659
246144,,Q3504308
116191,,Q641843
91559,,Q1871571
242411,,Q2082568
155365,,Q3002915
130018,,Q4721600
150534,Angela_Schijf,Q2206955
166174,,Q2077607
120689,,Q1891025
115671,,Q2266042
92361,,Q2675791
143987,,Q2199887
122825,,Q2064128
134053,,Q2022531
84375,,Q2186026
214668,,Q4030582
171076,Frans_de_Wit,Q2338912
122644,,Q1990412
123707,,Q2916630
165729,,Q2400403
254977,,Q18027593
135580,,Q2435425
167004,Dolf_de_Vries,Q2800682
101551,,Q2032070
250321,,Q2692810
86997,Peter_Brusse,Q2083057
168563,,Q2177188
144159,Anton_Quintana,Q13429900
116897,,Q1904808
140618,Piet_Paulusma,Q5278480
81859,,Q1229515
212735,,Q2056228
245278,,Q2582823
164805,,Q3568357
252320,,Q1961158
103146,,Q2166940
110275,,Q2238656
108007,Wim_Hazeu,Q1866693
161020,,Q2242274
146363,Dick_van_Rijn,Q2804015
87243,,Q2462347
86266,Herman_Brood,Q719447
79761,Wim_Bijmoer,Q3395216
166465,Ren%C3%A9_van_Vooren,Q1830716
222757,,Q2023028
110799,Ferd_Hugas,Q2180302
158131,,Q5010512
253149,,Q2225998
108471,Willy_van_Hemert,Q2110571
84706,,Q2452957
212949,,Q2676631
121911,Jan_Douwe_Kroeske,Q2556748
157781,,Q447176
85134,Sipke_Jan_Bousema,Q3266517
151345,,Q2285154
87503,,Q2210418
136526,Rick_Nieman,Q2967381
255180,,Q6231893
152305,,Q4460641
228857,,Q2296508
243416,,Q2044721
249105,,Q2387676
103403,Hanneke_Groenteman,Q3913030
124349,,Q2335472
82551,,Q3056717
247020,,Q3127905
103858,,Q435866
79278,,Q2656958
251513,,Q1967353
85229,,Q2394061
79054,,Q2570425
118390,,Q3015364
124748,John_Leddy,Q1819827
139270,Mari_Carmen_Oudendijk,Q2605781
83075,,Q2164177
241879,,Q6766169
244304,,Q2083915
133470,,Q2320165
251325,,Q2088914
87363,,Q463445
94732,Wieteke_van_Dort,Q1988121
220792,,Q2232338
137363,,Q158394
83937,Frits_Bom,Q2323429
252257,,Q1873898
209882,Achmed_Akkabi,Q340552
135222,,Q2385314
90641,,Q1848930
84239,Arie_Boomsma,Q2190963
231574,,Q2160094
107641,,Q2211365
,Tom Collins,90088
239365,,Q2154279
159882,Pier_Tania,Q2279895
119791,Martijn_Krabb%C3%A9,Q3545345
168448,,Q2133405
79312,,Q2341163
82536,,Q1957446
236315,,Q1946249
97401,Bram_van_Erkel,Q897515
221926,,Q589220
221027,,Q15442569
118769,,Q2103110
87521,,Q2242856
128033,,Q4649637
151193,,Q2553812
241563,,Q15125419
173345,,Q3139748
92824,,Q2195015
165134,,Q926666
95737,,Q2154303
78681,Barry_Atsma,Q808999
132308,Wim_Meuldijk,Q2671626
170214,,Q2021674
107695,,Q2412288
116466,,Q2316349
127910,,Q2499342
98236,Emile_Fallaux,Q1337172
94593,Tamar_van_den_Dop,Q3514645
112072,,Q2756917
161405,Bas_van_Toor,Q2550614
136218,,Q6721205
253099,,Q2656502
165274,,Q1882521
167008,Edwin_de_Vries,Q1295091
163694,Herman_van_Veen,Q503717
214973,,Q2216668
121942,Nelleke_van_der_Krogt,Q3405851
110377,Hans_Hoes,Q2627767
http://dnv-beng.mijnlieff.nl/index.php/Amsterdam,Jeroen van Inkel,112100
93526,Selma_van_Dijk,Q2156070
135208,Jan_Musch,Q2786142
162845,Theo_Uittenbogaard,Q7781502
242196,,Q18225091
119173,,Q2039228
120387,,Q2183745
86096,Jos_Brink,Q1704047
119905,Herman_Koch,Q466167
138444,Adrie_van_Oorschot,Q2250450
118272,,Q2675455
120471,,Q2891652
117295,,Q2422363
105638,Yvonne_Habets,Q2151867
158357,,Q2474128
126656,Liesbeth_List,Q454136
86990,Ellen_Brusse,Q2256571
114995,Fons_Jansen,Q2593291
124406,Jeroen_Latijnhouwers,Q2170722
114203,,Q2656012
165198,,Q2203717
84384,,Q2749304
167083,,Q1864049
91862,Cilly_Dartell,Q2615958
221474,,Q3181921
92527,,Q3195886
126179,Ad_van_Liempt,Q975877
126607,,Q3323396
125598,,Q3324410
102256,,Q2736967
,Hans Laroes,124282
254510,,Q1907415
119949,Sven_Kockelmann,Q2891300
91749,,Q956626
116179,,Q2350598
239110,,Q5442907
78107,Jenny_Arean,Q2753095
82993,Anneke_Blok,Q566048
78130,,Q2176468
147270,,Q2671482
145604,Leonard_Retel_Helmrich,Q782333
251578,,Q1880335
82628,,Q2359608
250312,,Q2872761
253353,,Q2013032
169429,Max_Westerman,Q2700439
105913,,Q2695927
78594,Eli_Asser,Q2203136
171702,,Q2900893
83028,,Q2704337
132184,,Q272703
225289,,Q5194302
241166,,Q2796304
148058,,Q2120911
132947,Ren%C3%A9_Mioch,Q2707111
117684,Wim_Kayzer,Q2511397
94697,,Q1892181
238536,,Q3217958
242321,,Q5593923
145689,,Q2212536
164803,Harry_Vermeegen,Q2629593
152598,Will_van_Selst,Q2391643
163649,Roderick_Veelo,Q1925239
126883,Patrick_Lodiers,Q3531234
122740,,Q1356539
241491,,Q2795285
80356,,Q2783778
142725,,Q2190108
167488,Viggo_Waas,Q2320892
148406,,Q2731218
210090,Patrick_Martens,Q2178956
250035,,Q2655872
93371,,Q2181919
247443,,Q540764
248116,,Q2668242
113151,,Q3390863
241601,,Q659389
156836,Jack_Spijkerman,Q5447351
156494,,Q532845
246259,,Q2477531
127730,,Q2324859
121188,,Q2591964
116696,,Q4994700
221934,,Q893116
222766,Matthias_Scholten,Q2190073
120732,,Q3529118
209773,,Q82246
148356,,Q2669941
239337,,Q2438681
160824,,Q2019314
85068,,Q13428282
245083,,Q879833
243008,,Q2352154
96213,,Q2334694
111053,,Q1605242
111053,,Q1605242
111053,,Q1605242
90570,Jules_de_Corte,Q1889636
246232,,Q2695553
84729,Judith_Bosch,Q1945598
150597,,Q2696263
99194,Ursul_de_Geer,Q2683132
139816,,Q768085
141816,,Q2466292
247202,,Q4490189
128257,Bridget_Maasland,Q2023091
155358,,Q3125837
120532,Joop_Koopman,Q2251590
107522,Ernst-Paul_Hasselbach,Q380768
241086,,Q3920556
122622,,Q16069829
96872,,Q2683675
234340,,Q12012969
116973,,Q561892
161611,,Q4440109
125653,Loes_Luca,Q633177
242340,,Q2553107
151174,,Q2265354
173099,,Q1877838
165309,Gallyon_van_Vessem,Q2126796
115018,Harrie_Jansen,Q3514262
119491,,Q2027243
111771,,Q2488509
158791,,Q2269411
252844,,Q15943609
81211,,Q2386609
245122,,Q2181771
162714,,Q2314913
164844,,Q2148845
140507,Paula_Patricio,Q1974569
143639,,Q6149757
105583,Lous_Haasdijk,Q2682041
127767,,Q1151003
123395,,Q321634
156652,,Q2830629
252686,,Q2242718
167728,,Q3283626
93565,,Q2410512
220614,,Q1893195
240988,,Q2057390
111243,,Q13429945
103402,,Q1965781
166617,,Q3079071
81540,,Q137261
171682,,Q2509379
250646,,Q2218496
99267,,Q536992
164549,,Q2683612
251927,,Q2653718
245009,,Q2055240
80000,,Q13724394
152247,,Q2264944
87483,,Q428516
249995,,Q2287108
153556,Will_Simon,Q2282121
99964,,Q2602510
91165,Hans_Dagelet,Q2464624
76589,,Q4354331
163736,Rudolph_van_Veen,Q2496514
166828,,Q2744642
82929,,Q159475
76866,,Q14849243
243807,,Q1403858
83128,,Q327311
158801,,Q13735883
108616,,Q1915781
253580,,Q2590958
85057,Bob_Bouma,Q4596127
160518,,Q1873933
83272,Johan_Bodegraven,Q530868
128185,Dick_Maas,Q1209738
139502,Harmke_Pijpers,Q3308698
86970,,Q2215743
212380,,Q3366493
117369,Nel_Kars,Q2414741
245953,,Q1091934
114971,,Q2665312
98745,Jimmy_Geduld,Q2679717
113511,,Q11002872
96399,,Q2211947
107376,,Q1375319
120303,Marijn_de_Koning,Q2403077
171685,Helmert_Woudenberg,Q2539796
79009,Heinze_Bakker,Q2326989
252529,,Q4318246
243789,,Q2660585
248372,,Q1229819
230791,,Q2767852
240618,,Q2780512
108866,,Q3369739
119217,,Q2995765
142379,,Q2569018
252051,,Q2217195
243180,,Q2029647
250667,,Q2166212
166956,,Q2377737
114955,John_Jansen_van_Galen,Q2502529
233925,Geraldine_Kemper,Q13641675
139385,Jeroen_Overbeek,Q2032546
242137,,Q2744903
84886,,Q1029982
246955,,Q1967964
132920,,Q1967488
167484,Paul_de_Waart,Q2183533
163357,,Q453757
76593,,Q1088152
95108,,Q239471
114208,,Q133526
81545,,Q642803
137298,Wim_Noordhoek,Q2220987
133954,Irene_Moors,Q2154899
113144,Twan_Huys,Q2339668
133210,,Q4386083
85654,Patty_Brard,Q1135689
119257,Judith_de_Klijn,Q2062193
109778,,Q3149881
100395,Rob_Fruithof,Q2503898
99282,,Q2228316
138561,,Q1713970
244353,,Q1605055
213287,,Q2099353
254484,,Q3315348
102717,Manfred_de_Graaf,Q2266412
212161,Ewout_Genemans,Q235777
94069,Joop_Doderer,Q2008225
115274,Chantal_Janzen,Q2531272
131377,,Q2182596
139845,,Q2270742
144181,,Q606363
100359,,Q2968245
115392,,Q2421388
245108,,Q2235166
244290,,Q2342391
241352,,Q2333100
79335,Martine_Bijl,Q2277299
104611,,Q2800419
122977,Georgina_Kwakye,Q3146650
102181,Lex_Goudsmit,Q2106724
85613,Ron_Brandsteder,Q2203057
132095,,Q4535433
93815,Adriaan_van_Dis,Q2238857
108068,,Q4332990
209817,,Q2508954
247730,,Q15875629
152236,,Q2686750
108683,Hetty_Heyting,Q2133654
85839,Claudia_de_Breij,Q435319
97016,Joop_van_den_Ende,Q1358565
246556,,Q2969627
94106,,Q5407844
75252,,Q2546365
143787,Rogier_Proper,Q2080401
171790,,Q2498170
129203,,Q1583352
92554,Midas_Dekkers,Q1632474
143670,Joost_Prinsen,Q1975308
230829,Lex_Uiting,Q2262263
161814,,Q6721191
232259,,Q2406630
165807,,Q46424
119051,Marc_Klein_Essink,Q2204022
158119,Henk_van_Stipriaan,Q2845743
125979,Lieke_van_Lexmond,Q508941
111341,Rik_Hoogendoorn,Q2194552
95196,Rik_Felderhof,Q2281052
98222,Violet_Falkenburg,Q2399560
167109,Peter_R._de_Vries,Q1944867
91648,,Q2743192
221460,,Q2134473
96641,,Q2032764
110763,,Q1840924
149722,Frank_Schaafsma,Q2796491
131943,,Q1957752
135460,,Q2304990
82474,,Q1917464
142371,,Q2002909
115101,,Q2406290
161425,,Q2862876
167203,,Q2616927
153615,Sylvana_Simons,Q2119610
157631,Huub_Stapel,Q1396031
210041,,Q16730265
141341,,Q4292462
242409,,Q2301442
140019,,Q2848458
136831,,Q336961
155663,,Q467714
150125,,Q2022538
146437,,Q2259616
154202,,Q2718312
166949,,Q2047967
123947,Cees_de_Lange,Q2173180
121975,Erwin_Kroll,Q2162294
165194,,Q2164277
94665,Henk_van_Dorp,Q2413315
120061,Tanja_Koen,Q4378844
96868,,Q2326861
96420,,Q2664453
252461,,Q2052462
108238,Arend_Jan_Heerma_van_Voss,Q2291157
171735,Loes_Wouterson,Q2246342
209896,Astrid_Kersseboom,Q2431109
106797,,Q2250741
110765,,Q2690806
98837,Jan_Fillekers,Q2284878
148055,Netty_Rosenfeld,Q2453906
83909,,Q4668936
111321,Ferry_Hoogendijk,Q2438989
141470,,Q2563315
234358,,Q4935120
149671,L%C3%A9onie_Sazias,Q1998445
99744,,Q2634036
85963,,Q708850
165877,,Q2798221
96206,Tom_Egbers,Q2496231
155963,,Q1923523
115125,Kees_Jansma,Q2360432
166254,Sanne_Vogel,Q2321845
125121,,Q2560699
209919,Conny_Mus,Q1126461
159258,,Q1657218
128584,,Q2609160
160336,,Q3287301
108485,Roelof_Hemmen,Q1927215
138608,,Q2535642
90232,,Q591526
128236,,Q3103965
249797,,Q2205948
161418,,Q2737566
93034,,Q2319045
210558,,Q696450
248522,,Q2656561
227370,,Q2095058
133567,,Q1866415
121410,,Q2119373
145687,,Q364153
145687,,Q364153
100541,,Q2122629
246794,,Q1952442
247545,,Q2067358
109100,,Q1854748
210097,,Q2135101
128144,,Q1820252
157140,,Q972233
225667,,Q1993369
160421,Henk_Terlingen,Q1860397
131980,Fons_Merkies,Q2166273
117904,,Q3050571
246531,,Q2793989
126432,,Q5889146
171265,Diana_Woei,Q3001238
129654,Hilde_de_Mildt,Q2045707
78945,,Q813518
158608,,Q2653796
100021,,Q2308823
144430,Tooske_Ragas,Q546836
152176,,Q1960298
214387,,Q2044422
136817,,Q2303192
169127,Hans_Zoet,Q2209493
157580,,Q1977977
157580,,Q1977977
157580,,Q1977977
86051,,Q540753
84836,,Q2651532
247133,,Q768520
131412,,Q1610296
122538,,Q2310840
83571,,Q2420355
126195,,Q16187174
230718,,Q2022996
122068,,Q2436111
117848,,Q2125239
253952,,Q2740445
131954,,Q2095501
106067,Pieter_Jan_Hagens,Q2304696
86110,Robert_ten_Brink,Q2698307
104787,,Q983233
104787,,Q983233
98404,,Q1813445
242269,,Q1933924
113654,,Q15635064
226758,,Q2085390
116568,,Q1682446
143323,,Q2369114
110148,,Q2030962
210467,Simon_de_Waal,Q2597120
83739,,Q674270
150495,,Q2208036
93423,Ati_Dijckmeester,Q2227920
245505,,Q2183049
89847,,Q4306392
171294,,Q5108505
167404,,Q2133844
77333,,Q2860916
241616,,Q2369053
93617,,Q2691214
117416,,Q2308244
246537,,Q7192797
111588,,Q2202459
165824,,Q1677751
136778,Willem_Nijholt,Q2736668
86309,,Q2367763
155642,,Q374536
250444,,Q2593917
151862,,Q2621816
127914,Peter_Lusse,Q2034603
254151,,Q4353592
93535,Wendy_van_Dijk,Q2301305
119554,Nico_Knapper,Q2361790
134444,Frank_du_Mosch,Q4714489
162792,Paula_Udondek,Q2172537
97334,,Q2779901
111117,,Q2691741
100025,Ferdinand_Fransen,Q2347352
102713,Karel_van_de_Graaf,Q2804653
138782,,Q4779519
155854,,Q2388407
147850,,Q727289
86560,,Q5319840
115512,,Q2026448
226393,,Q2551686
120413,,Q2475793
150295,,Q2454374
79623,Harry_Bannink,Q1953823
113472,Joris_Ivens,Q238616
254489,,Q1850180
109838,,Q2627725
129638,,Q2020333
168591,Jan_Wolkers,Q379679
241296,,Q3035870
141977,,Q2162895
135108,,Q2156055
155756,Jeroen_Snel,Q2195329
249003,,Q2627495
240492,,Q2592302
96344,Hans_van_Eijck,Q4507425
156081,,Q2183331
148963,,Q2993297
115444,,Q2241407
147293,Michiel_Romeyn,Q2675097
151487,,Q4819771
161880,Rob_Trip,Q2736081
76528,,Q1824416
126619,Hannie_Lips,Q143993
161629,,Q1812015
132121,,Q2797216
131180,Ruben_van_der_Meer,Q2126058
114775,Erik_Jurgens,Q1931727
83840,,Q3292938
82543,,Q229046
84570,,Q4524551
134325,,Q367612
95336,,Q4744311
120154,,Q610060
147468,,Q2693563
103851,Corrie_van_Gorp,Q2999608
91340,,Q2786135
126922,,Q2349124
165870,,Q2038950
238802,,Q2860885
152303,Loretta_Schrijver,Q2285747
83012,Marnie_Blok,Q1902216
229963,,Q2444378
212825,Margriet_Vroomans,Q4465025
170597,Hans_van_Willigenburg,Q2222138
155401,,Q2198405
232105,,Q2225865
101457,Wilfred_Genee,Q2111390
160482,,Q2205731
167833,,Q2316883
249547,,Q2051758
238893,Willemijn_Hoebert,Q2611946
250974,,Q2436062
79715,Frits_Barend,Q2049096
241051,,Q2917685
149569,,Q1821090
125990,,Q2637972
101164,Bert_Garthoff,Q1967628
221099,,Q2133381
77102,,Q447169
97825,Frank_Evenblij,Q2357571
117211,,Q1358519
170123,,Q2288541
77073,,Q2455546
230818,,Q2668190
76918,Willeke_van_Ammelrooy,Q447122
212239,,Q7382776
108509,,Q1714004
84667,,Q2606895
93636,Pia_Dijkstra,Q2851980
85504,Govert_van_Brakel,Q1879067
90175,,Q2780603
85013,,Q1928058
108468,Ruud_van_Hemert,Q554370
143135,,Q15876051
135262,Marcel_Musters,Q1970906
84107,Jan_de_Bont,Q376107
112023,Tim_Immers,Q2025674
147854,,Q1729210
148741,Willem_van_de_Sande_Bakhuyzen,Q373124
124337,Merel_Laseur,Q2072874
97289,,Q2218905
105895,,Q2199683
249978,,Q2264693
105875,,Q36771
162901,,Q974029
105211,,Q173972
90444,,Q2256381
130462,Diana_Matroos,Q2385696
160496,Eddy_Terstall,Q5249366
101387,,Q2199457
81621,Elles_Berger,Q2803699
223325,,Q6425637
255141,,Q2272365
212263,,Q1905620
84659,,Q120197
252720,,Q2512649
143925,,Q2133378
149032,,Q1988697
99139,,Q2630620
162364,,Q330084
95194,Herman_Felderhof,Q2699994
109877,G.B.J._Hiltermann,Q2674914
145146,,Q1877399
169277,,Q2780319
91908,,Q2301007
140640,Jeroen_Pauw,Q2795003
233761,,Q2159129
105582,Nico_Haasbroek,Q2152488
155034,,Q2691501
149909,,Q461016
228367,,Q2408144
106589,,Q2304678
142530,,Q3364005
132058,,Q4798688
247032,,Q2666792
145606,,Q2185605
214519,,Q17351282
147278,Piet_R%C3%B6mer,Q2463292
127646,,Q2720279
248989,,Q1831330
150876,,Q12482555
111542,,Q2268073
85939,,Q546836
108939,,Q2214171
162614,Georgina_Verbaan,Q335569
83015,Peter_Blok,Q2452454
95121,,Q2068474
148066,Eddo_Rosenthal,Q1954657
83401,,Q2201821
156458,Jos_Stelling,Q1704075
246680,,Q2678385
254403,,Q1959352
140840,,Q747954
157821,Maeve_van_der_Steen,Q1976168
111172,,Q2185015
167602,,Q1970250
134722,,Q5498411
239223,,Q4703416
244132,,Q3047731
252487,,Q2536404
157682,Mike_Starink,Q1933533
243131,,Q920786
143634,,Q2330090
129706,Sylvia_Millecam,Q273050
108603,Piet_Hendriks,Q2314296
248858,,Q2290550
213777,,Q2476593
120830,Kim_van_Kooten,Q388679
253689,,Q2279682
131819,,Q1264766
139292,,Q1925006
233711,,Q337612
108732,,Q484534
92558,Saskia_Dekkers,Q2557093
82208,,Q822824
128123,,Q2438693
108010,,Q2623375
83473,,Q6524352
150877,,Q2460979
104047,Bart_de_Graaff,Q505241
83814,,Q2563929
210276,,Q6148615
244954,,Q2216032
162692,,Q2853013
103703,,Q1813095
79714,,Q2032684
243948,,Q2687282
78906,Dragan_Bakema,Q2116064
121423,,Q1895179
152103,,Q2167272
77720,,Q2174988
152727,,Q2408459
140575,,Q2062927
246001,,Q2537770
115222,,Q2620869
131895,,Q913781
85040,Fran%C3%A7ois_Boulang%C3%A9,Q2447270
89176,,Q449190
137919,Wubbo_Ockels,Q944386
118720,,Q2324898
93898,,Q640948
104054,,Q2503772
160299,,Q389810
102151,Ab_Goubitz,Q4422005
214642,,Q2509248
121352,,Q2280857
80703,Giel_Beelen,Q5559773
250095,,Q7313850
79984,Annette_Barlo,Q2480175
82377,Jan_Blaaser,Q2564613
118680,,Q2502477
124825,,Q1288774
91001,Adam_Curry,Q349039
109535,,Q2543170
91651,,Q2106164
108254,Raoul_Heertje,Q2101598
172346,,Q2018790
93368,,Q2397078
82963,Ad%C3%A8le_Bloemendaal,Q2528769
117974,,Q13578867
119192,,Q2402148
150562,,Q2270698
86494,Martin_Brozius,Q2194604
106613,,Q893807
158212,Kick_Stokhuyzen,Q941903
228306,Tonny_van_Renterghem,Q2130921
156371,Bob_Spaak,Q142733
85396,,Q13745829
123190,Sebastiaan_Labrie,Q2581638
114565,,Q2379542
225938,Luuk_Ikink,Q2147094
147164,,Q345559
245786,,Q7258242
145332,,Q2136115
96159,,Q3973010
112936,Nadja_H%C3%BCpscher,Q2546799
151257,Marceline_Schopman,Q4355287
248620,,Q2753930
111405,,Q2045708
95671,Stefan_Felsenthal,Q2262630
167569,,Q2146174
93356,Inge_Diepman,Q2121208
150923,Frank_Scheffer,Q2803218
243592,,Q2304088
92103,,Q2346265
109575,,Q1431558
102287,,Q1713708
107046,,Q13578866
93361,,Q13737688
82073,,Q2492353
158679,,Q2208743
145871,Franky_Ribbens,Q2963067
223786,,Q1856459
104026,Harry_de_Groot,Q1334746
134155,Adriaan_Olree,Q2354281
103165,Cees_Grimbergen,Q2076294
251526,,Q2091537
100813,,Q2666041
149363,,Q532913
76612,Willeke_Alberti,Q462473
119306,,Q2402609
250599,,Q2560002
249801,,Q2601391
248733,,Q13430548
120654,Frank_Kramer,Q2307566
138053,Paula_van_der_Oest,Q458058
214060,,Q1960931
111976,Christine_van_der_Horst,Q4416895
87857,Frits_Butzelaar,Q5665636
126528,Gees_Linnebank,Q2021392
120300,,Q1823387
169360,Frits_Wester,Q2022576
165754,,Q1938981
247698,,Q2128600
119044,,Q4498121
150811,Maarten_Schmidt,Q547240
139723,,Q2557925
84723,,Q3047524
115052,Leoni_Jansen,Q1994426
85439,Gerrit_den_Braber,Q5119903
209825,Zarayda_Groenhart,Q3039315
249793,,Q1864586
77989,John_Appel,Q2251143
83251,,Q2366542
162487,,Q2089112
253669,,Q782333
92479,,Q330365
156093,Monique_Somers,Q3292819
137266,,Q3331048
162172,Rocky_Tuhuteru,Q1933804
241918,,Q2007633
143400,Marga_van_Praag,Q2198582
157502,,Q2792805
117383,Arnold_Karskens,Q4988723
87372,,Q2701929
161478,Waldemar_Torenstra,Q1235490
156306,,Q2379718
160377,Caroline_Tensen,Q2849233
164779,,Q2350114
138768,,Q1388220
97578,,Q1895448
140780,Han_Peekel,Q1936185
82532,,Q225831
171195,Leopold_Witte,Q2334963
157436,Liesbeth_Staats,Q2249842
91067,,Q2969423
148237,,Q2230281
86400,Eef_Brouwers,Q2242506
84358,,Q1953790
246855,,Q3117812
116601,,Q2349985
,Tom Blom,83097
231188,,Q13737061
148424,Marjon_van_Royen,Q684000
169420,Fons_van_Westerloo,Q1993839
150922,Dick_Scheffer,Q2021072
135455,Jan_Nagel,Q1682076
247181,,Q4807769
156879,,Q589220
120400,Jeanne_Kooijmans,Q2479456
213050,,Q2300044
147360,,Q2206637
91797,,Q5220050
92485,,Q1843995
103275,,Q14282361
251504,,Q1490713
118482,,Q2231155
230544,Peter_van_Zadelhoff,Q3260848
82846,Herman_Broekhuizen,Q2130171
248706,,Q15917658
88538,,Q126035
139050,Tetske_van_Ossewaarde,Q2518049
100287,Job_Frieszo,Q2192908
245963,,Q3326345
77302,,Q2398234
124209,John_Lanting,Q3118657
153596,,Q327891
246087,,Q1830478
225946,,Q5820508
249657,,Q14855236
93566,,Q2370141
151680,,Q120167
212895,,Q2286202
96324,,Q2630759
85519,,Q2885041
104594,Paul_Groot,Q2463584
94932,Michael_Dudok_de_Wit,Q1387048
83370,Vivian_Boelen,Q2244224
92705,,Q6691449
89518,,Q1292032
146948,,Q2038457
242647,,Q1820524
101841,,Q323190
148855,,Q2547163
169488,,Q2617189
78291,Marga_van_Arnhem,Q2683053
94556,Ate_Doornbosch,Q2618296
233185,,Q2235017
210492,,Q2742154
146136,Dick_Rienstra,Q1855205
248676,,Q2057089
155139,,Q345994
222218,,Q2252822
162198,Peter_Tuinman,Q4300528
97995,Tonny_Eyk,Q2023958
156693,,Q2196466
90660,Jan_Cottaar,Q2733394
107926,,Q2440784
115554,,Q2946288
98872,,Q1397873
160898,Haye_Thomas,Q2045453
163970,Jean_van_de_Velde,Q2511033
 oprichter MediaLab,Bestand:Chanowski.jpg,http://dnv-beng.mijnlieff.nl/index.php/Thijs_Chanowski
173323,Peter_Zwart,Q2499327
171254,Anita_Witzier,Q2141398
122524,,Q454649
87576,,Q2126745
119431,,Q2556394
225545,,Q2165774
164597,Pieter_Verhoeff,Q7192838
85424,Bartho_Braat,Q2642272
165758,,Q2647016
85218,,Q2284914
118752,,Q1920148
152436,,Q828977
162682,,Q816621
211046,,Q2316283
90334,,Q271343
131255,,Q3525235
106598,,Q288283
167068,,Q2366351
90132,,Q2575368
168712,,Q4286477
93051,Frans_van_Deursen,Q1983128
134645,Henk_Mouwe,Q2448903
117417,Ton_Kas,Q2202228
122557,Herman_Kuiphof,Q2303603
128218,,Q1333334
127520,,Q2531913
85627,,Q2102951
243029,,Q4313884
107713,John_van_den_Heuvel,Q2017585
122823,Paul_de_Leeuw,Q983072
111195,,Q2236471
140473,,Q2191952
119041,,Q2390383
150514,,Q3101143
96019,Harm_Edens,Q3044635
117771,Joop_Keesmaat,Q3317515
136714,,Q1948127
249109,,Q2019915
79728,Edda_Barends,Q3027825
114204,,Q279894
96962,Fred_Emmer,Q2662134
114068,Francisco_van_Jole,Q2705912
157071,,Q2434450
101485,,Q235341
117535,,Q1903135
251314,,Q3464346
161393,Marten_Toonder,Q741744
78881,,Q2115326
166172,Bram_van_der_Vlugt,Q2378031
148837,,Q3960380
107423,,Q3366006
156186,Wim_Sonneveld,Q1387785
115534,,Q2475776
129074,,Q943694
129176,Annet_Malherbe,Q2726627
104008,Frederik_de_Groot,Q3087214
101224,Louis_van_Gasteren,Q2669704
156087,,Q13653617
249488,,Q1842066
104645,,Q2170702
147276,,Q2492061
119597,,Q454639
123408,Carolijn_Lilipaly,Q2272991
152266,,Q1906044
120281,,Q2360135
80361,,Q2428211
255217,,Q3005123
135874,,Q5441475
119252,,Q2439971
77961,Dodi_Apeldoorn,Q2780323
88916,Leontien_Ceulemans,Q1894473
167255,,Q2006321
245853,,Q2579700
136759,,Q1826476
220630,,Q2104613
106554,Isolde_Hallensleben,Q5159515
122469,,Q2614437
164842,,Q17518844
87556,,Q1384942
160800,,Q2356157
213069,,Q496503
168002,,Q1933451
139150,,Q2565991
90771,Gerard_Cox,Q2240967
136679,Matthijs_van_Nieuwkerk,Q4328778
115558,,Q1832792
96525,,Q2486312
112574,Bob_van_der_Houven,Q2055167
110791,,Q2567845
154121,Harmen_Siezen,Q2227869
155448,,Q1858024
164244,,Q468269
107709,,Q2738434
220749,,Q2295477
106404,,Q2214204
127854,,Q1955983
148409,,Q15876827
162507,Monique_van_de_Ven,Q468259
149559,,Q2509851
83034,IJf_Blokker,Q4774353
160464,,Q1883993
127563,,Q2187382
113292,Jacques_Idserda,Q15876834
134884,,Q15120344
158780,,Q1807590
132884,Ferry_Mingelen,Q2331519
77148,,Q2429604
254672,,Q2362196
80790,,Q3050816
84913,Froukje_de_Both,Q2854675
112594,,Q945766
157927,Barrie_Stevens,Q2675093
149026,Edwin_Rutten,Q5046252
225114,,Q2690516
223743,,Q13637660
155422,,Q2667376
221160,,Q1816256
245544,,Q2782387
143206,Koos_Postema,Q2299515
170114,,Q2644589
121518,,Q2486313
102570,Wilbert_Gieske,Q2797622
150865,,Q2464255
167683,,Q1930958
166977,,Q2206556
84175,,Q505783
223464,,Q2782157
124211,Sander_Lantinga,Q2098772
149516,,Q2599760
94917,,Q18107528
107246,,Q1882308
120828,Kasper_van_Kooten,Q2568499
251034,,Q1821465
81821,,Q1610230
120504,Theo_Koomen,Q2249936
127849,,Q1639438
167094,Meta_de_Vries,Q1952561
82841,,Q2214565
159060,,Q2634036
118642,,Q2350274
147460,,Q2306018
252726,,Q2492430
151222,,Q2434433
85600,,Q1879372
253747,,Q2316340
156920,Amanda_Spoel,Q2678466
118004,Hans_Kesting,Q3283242
119767,,Q1091537
108609,,Q1850148
93606,,Q2299032
128335,Jaap_van_Meekren,Q3088627
170780,,Q2715711
145370,Han_Reiziger,Q2374592
167012,,Q2730778
122753,,Q4770316
111343,Wim_Hoogendoorn,Q2965797
98600,,Q2169653
118057,,Q2036896
163767,,Q2198134
128274,Theo_Maassen,Q1989503
131357,Kim-Lian_van_der_Meij,Q166439
82189,,Q3067206
123946,,Q544759
111990,Henk_van_der_Horst,Q2192607
164178,,Q1865990
90704,Kitty_Courbois,Q1960990
145270,,Q2102697
242118,,Q2524161
246912,,Q3543752
132084,,Q2428280
92922,,Q2024250
81459,Gerard_van_den_Berg,Q2255772
,,1956-03-10Z
157706,Gaston_Starreveld,Q2036188
252215,,Q2293567
119788,Jeroen_Krabb%C3%A9,Q62845
109326,,Q460216
168340,Maartje_van_Weegen,Q3083220
128784,,Q288771
145283,,Q543733
232806,,Q1821032
139333,Rob_Out,Q2032588
118093,,Q1944410
115545,,Q2437754
157131,,Q2682716
242943,,Q2571843
165751,Ad_Visser,Q595279
151716,,Q1866439
163140,,Q82985
101771,,Q4558114
253122,,Q17481179
133864,,Q1971325
78834,Winfried_Baijens,Q2043089
210755,Rob_Geus,Q2800388
132307,,Q3459102
110654,,Q4567657
89053,,Q2532918
225423,,Q1980352
103489,Joan_Haanappel,Q436728
82379,Alexandra_Blaauw,Q2177143
166734,,Q1676349
122860,,Q1941616
126483,,Q2724329
240567,,Q2378770
232126,,Q1999983
107336,,Q2010050
155264,Mia_Smelt,Q2580551
212677,,Q2612479
240909,,Q710779
114827,,Q299912
165174,,Q2488017
112404,,Q2009000
160221,Peter_Teekamp,Q2550741
80913,Jeroen_Beker,Q6182461
246849,,Q2234190
167350,,Q429456
126352,,Q2127858
241627,,Q2105855
125558,,Q2157000
238644,,Q2254687
171398,,Q2884064
146340,,Q462162
138250,,Q1241051
153963,,Q2345069
164715,Dick_Verkijk,Q2049598
127995,,Q2751107
252613,,Q3370903
79857,Henk_Binnendijk,Q2332238
172740,Chris_Zegers,Q2205924
109278,Antoinette_Hertsenberg,Q1851850
244980,,Q2533864
89658,Jos_Cleber,Q3187269
85031,Mies_Bouhuys,Q2695137
127495,,Q2628935
132406,Felix_Meurders,Q2280393
170868,,Q1692103
120292,,Q2456266
93491,,Q1912397
79175,,Q977682
95190,,Q3099623
138694,Noortje_van_Oostveen,Q2981093
87863,Armin_van_Buuren,Q62617
99461,,Q4775753
242330,,Q1851696
228171,,Q2359797
241183,,Q2500436
92331,,Q2583310
97177,,Q1122322
116714,Rob_Kamphues,Q2576069
167477,,Q2178745
139072,,Q2159268
99270,,Q2229561
229500,,Q2655644
115404,Jaap_Jongbloed,Q1836101
86539,,Q973342
139071,Fred_Oster,Q2179691
120520,,Q13735636
147186,,Q2085622
143751,,Q3284510
169889,,Q1992995
168711,Frans_Weisz,Q2485055
133435,Linda_de_Mol,Q469514
75284,Thomas_Acda,Q2511889
245019,,Q15875984
108582,,Q2300863
97285,,Q2569616
151613,Lex_Schoorel,Q2733848
227431,Yolanthe_Sneijder-Cabau,Q776288
171213,Paul_Witteman,Q2540034
242389,,Q1894166
111420,,Q1900486
115438,Hella_de_Jonge,Q1968126
214457,,Q2721287
105555,,Q4628913
150190,Klaas_Samplonius,Q2428160
143401,,Q3940023
254231,,Q2318203
92218,Jaap_Drupsteen,Q2285439
166597,,Q2325722
117309,Joost_Karhof,Q2207553
132480,,Q546696
167072,,Q2512033
253284,,Q2920269
172669,,Q2784540
246216,,Q15055747
105069,,Q1836228
255371,,Q3057806
98802,,Q2724910
156553,,Q2661186
87277,,Q224866
139472,,Q1570485
120338,Jeroen_van_Koningsbrugge,Q2108375
249583,,Q14855231
115629,,Q2052016
231898,,Q2703870
75504,,Q2689329
148816,,Q1912394
254678,,Q2875928
93863,,Q1892270
95497,Willem_Duys,Q13407
139963,,Q2022461
96514,Piet_Ekel,Q2489866
99421,,Q936586
222029,,Q1963106
110963,Michiel_Huisman,Q2262485
107694,,Q3919683
110453,Coen_van_Hoewijk,Q1948305
223803,,Q2142390
81243,,Q3126527
93654,,Q2424354
117195,,Q1922580
120564,,Q2174566
129455,,Q3054484
165202,Mieke_Verstraete,Q1923861
107737,,Q2662351
91309,,Q4920452
84257,,Q2194202
123069,Dick_Laan,Q1209714
209785,,Q2329295
156433,,Q4747636
145193,,Q2364149
245957,,Q2434799
143995,Jos_de_Putter,Q1993725
251349,,Q13573542
109534,Alfred_van_den_Heuvel,Q3186782
102918,,Q2067791
169013,,Q2169734
211986,Margriet_van_der_Linden,Q2188653
141514,,Q2108120
166921,,Q2794374
167565,,Q2073427
139396,,Q2057688
145043,,Q2232365
249526,,Q2304846
80953,Mireille_Bekooij,Q2136902
168456,,Q3255242
84888,Ron_Boszhard,Q2141847
160428,,Q1397450
150936,Pi_Scheffer,Q205223
167124,,Q2054617
249691,,Q2531834
162893,Henk_van_Ulsen,Q2345487
252763,,Q2230558
166584,,Q2238441
247992,,Q2649865
88931,,Q1861784
250652,,Q2289068
112149,Inge_Ipenburg,Q2344063
169531,,Q964037
166709,,Q16326588
79313,,Q2624924
93419,Linda_van_Dyck,Q2570320
133671,,Q3434056
96877,,Q2946941
119519,,Q2077198
158899,,Q2327582
249926,,Q4889950
82944,,Q2294977
127918,Willem_Lust,Q2904264
80218,,Q15884062
234357,,Q2988742
91720,,Q2259407
154071,,Q1364928
136755,Johan_Nijenhuis,Q2486752
164846,Bram_Vermeulen,Q2685146
95372,,Q536350
86820,,Q11785187
82772,,Q2124956
75613,,Q353003
158458,,Q3917307
122589,,Q6763852
162760,,Q2573669
165834,,Q46104
169525,,Q2992267
84513,,Q2500103
154710,,Q4486565
77241,,Q2231468
118038,,Q2382969
246051,,Q2075001
252287,,Q14943723
140275,Pim_de_la_Parra,Q3077378
133628,,Q2369573
246996,,Q2776904
140358,,Q1978693
123127,Irene_van_de_Laar,Q1909511
94476,,Q1912012
210376,,Q15879433
168049,,Q1971369
162393,,Q1810718
108950,Marcel_Hensema,Q2017834
115933,,Q1851889
165029,,Q2692650
254002,,Q2613499
246236,,Q2452054
125917,,Q3062177
133535,Onno_Molenkamp,Q2468332
103381,Germaine_Groenier,Q1931828
111317,,Q2489629
212564,,Q1827650
144364,Prem_Radhakishun,Q2289931
159555,Chriet_Titulaer,Q2308694
96543,Maya_Eksteen,Q2787683
108678,,Q2486615
83502,Sacha_de_Boer,Q13411209
237523,,Q1927355
95259,,Q654628
111193,Heddy_Honigmann,Q2438043
142762,,Q1807621
146314,,Q2863349
242746,,Q5650685
139732,,Q1855052
164057,,Q913018
83983,,Q2606992
253964,,Q2678472
86992,,Q2183439
239725,,Q2239218
122743,,Q2491669
115783,,Q511886
165031,,Q1929584
247036,,Q2117043
91577,Mary_Dresselhuys,Q2182609
149717,,Q2163911
139744,,Q1966898
83091,,Q1397864
84992,,Q2403586
123596,,Q4716066
246304,,Q2622821
221272,,Q2324335
86585,,Q2956815
108190,,Q2456103
249287,,Q2419672
253977,,Q2232346
247022,,Q2226404
165643,,Q1860353
134273,,Q446800
243384,,Q2010882
116673,Walter_van_der_Kamp,Q2419105
110519,,Q3153595
77577,,Q3434441
75549,,Q1442849
248494,,Q2174960
140479,,Q2128641
253307,,Q329498
121566,,Q961117
95487,Cherry_Duyns,Q2482409
126180,,Q2536424
130031,,Q2497731
93004,Floortje_Dessing,Q1973940
78923,,Q2257215
145544,Rik_Rensen,Q2573079
165829,,Q2116177
123652,,Q2794944
227251,,Q3901497
90587,Eric_Corton,Q2113308
158201,Herman_Stok,Q2311978
115348,,Q7078543
127979,Pieter_Lutz,Q2014253
80878,Kees_van_Beijnum,Q2282501
169823,,Q603840
100539,Seth_Gaaikema,Q2767887
104895,,Q2598530
117058,,Q827397
81351,,Q2105302
84642,,Q2007313
170423,Jennifer_Willems,Q2550404
252860,,Q2753761
234064,,Q1963795
143973,,Q2605123
150527,Hans_Schiffers,Q2842709
93520,,Q2414671
111728,,Q2090713
241744,,Q2419282
169335,Rik_van_de_Westelaken,Q1939848
94232,,Q2490576
102769,,Q2504901
86655,,Q17163
86655,,Q17163
141482,Milika_Peterzon,Q2452610
211764,,Q2055004
164199,,Q2057033
88767,,Q4400282
86767,,Q1890645
118146,Catherine_Keyl,Q2134951
212271,Suzanne_Bosman,Q2510619
139835,,Q287157
83443,Hadassah_de_Boer,Q2146014
84674,Tamara_Bos,Q2370746
213711,,Q2410047
85400,Ted_de_Braak,Q2672124
118074,,Q5243803
115016,,Q2279623
121993,,Q864193
81347,Han_Bentz_van_den_Berg,Q2008712
97484,Beau_van_Erven_Dorens,Q2601834
143991,,Q5365194
116360,,Q4802644
78434,,Q2903301
162856,Marjolijn_Uitzinger,Q5190819
211955,,Q5535689
248380,,Q2170798
114253,,Q2579742
146335,,Q2412136
243161,,Q2102924
96265,Anne_van_Egmond,Q1875693
101713,,Q1979848
155787,,Q4805810
221288,,Q2489865
172708,Micha%C3%ABl_Zeeman,Q2549282
84615,Burny_Bos,Q2780257
115214,Pierre_Janssen,Q2443505
97085,,Q2727418
140329,,Q2423169
142499,Marieke_van_der_Pol,Q769203
76715,,Q2378573
81496,,Q1962076
142200,Sjoerd_Pleijsier,Q1966952
145485,,Q1185315
170888,,Q2097705
246355,,Q2804413
75211,,Q3983373
101300,Jack_van_Gelder,Q2638548
88479,,Q560649
120034,Peter_Koelewijn,Q731242
167198,Coen_van_Vrijberghe_de_Coningh,Q337145
161235,,Q2262556
122565,,Q2527902
106463,,Q2283905
142947,,Q2116551
157432,Aart_Staartjes,Q690554
82937,,Q6961135
95048,Ton_van_Duinhoven,Q2303647
90134,,Q2413757
210032,,Q5093658
164693,,Q2569135
161918,,Q1953672
99646,,Q4361425
163451,,Q2625439
131426,,Q13809086
157803,,Q3369042
143614,,Q2568327
249958,,Q1948181
156497,Rob_Stenders,Q301952
132724,,Q2474812
128225,,Q329635
107413,,Q2536564
246638,,Q2272668
90705,,Q2093347
111137,,Q1682364
117380,,Q2647271
241992,,Q2495484
150781,Annie_M.G._Schmidt,Q239522
255144,,Q2062649
148470,,Q2000824
213359,Eva_Jinek,Q2539774
93599,,Q1579239
248646,,Q5662606
250433,,Q2115161
233236,Dionne_Stax,Q2394851
144876,J%C3%B6rgen_Raymann,Q2555411
245613,,Q2343825
136461,Nada_van_Nie,Q2575952
154720,,Q2221532
247947,,Q1871355
251819,,Q2096579
156339,Ren%C3%A9e_Soutendijk,Q468236
243141,,Q17351397
148754,,Q1718760
80736,,Q2044164
251108,,Q1925717
84558,,Q429385
95716,,Q2709745
116717,,Q2183681
85418,Lex_Braamhorst,Q2418962
140558,Tom_Pauka,Q2858948
215167,,Q1913911
147794,,Q2393122
88233,,Q1185256
127953,,Q2232691
97585,,Q1826374
255347,,Q2010755
104011,Genio_de_Groot,Q2173949
96975,,Q1910293
103472,Nico_de_Haan,Q2169563
210571,Quinty_Trustfull,Q2385923
248893,,Q2481401
164812,,Q2571026
236436,Antoin_Peeters,Q2492170
159654,,Q3289592
81314,,Q2226023
110949,Hellen_Huisman,Q1851732
105653,,Q2177234
239418,,Q5073537
75528,,Q1867840
167275,Siem_Vroom,Q1982019
248016,,Q530281
106035,,Q3430641
95109,,Q320410
123449,,Q2314950
161190,Hans_van_der_Togt,Q2585376
155230,,Q1915606
230735,,Q1865548
137592,,Q2477954
91093,Joop_Daalmeijer,Q1876798
165732,,Q13641843
245272,,Q2168108
245202,,Q2577455
86758,Judith_de_Bruijn,Q1923940
164012,,Q4882012
150170,,Q1675801
111896,Lisette_Hordijk,Q3025609
240904,,Q5588386
118045,,Q1103542
87462,,Q5337151
135354,Jochem_Myjer,Q1691031
113528,Yvon_Jaspers,Q2127793
92313,,Q1839323
123641,Frits_Lambrechts,Q2088442
246945,,Q1918582
225024,,Q1948085
80896,,Q2854671
155245,Mart_Smeets,Q2739247
82961,,Q2634636
124040,Arend_Langenberg,Q2050354
114981,Dolf_Jansen,Q2416851
83736,,Q2048428
"Nederlands journalist,ژورنالیست هلندی",,1950-01-16Z
115044,,Q1848926
250987,,Q2867891
139070,Annemarie_Oster,Q2754712
133323,,Q3095336
87115,Menno_Buch,Q13835565
244012,,Q3507885
138638,,Q1998419
254206,,Q2532243
154873,,Q1510198
122038,,Q3060877
224961,,Q2383222
247976,,Q2328569
250606,,Q2117706
88372,Lucella_Carasso,Q2321385
119628,Wim_de_Knijff,Q2167197
81346,Menno_Bentveld,Q2259818
110636,Viola_Holt,Q2680498
243810,,Q4371868
246710,,Q7178065
161233,,Q2385022
162970,,Q2654739
252163,,Q2598426
79535,Piet_Bambergen,Q2200949
117200,Marnix_Kappers,Q2695301
245403,,Q2252370
225333,,Q195704
101265,Marcel_Gelauff,Q5807205
108234,,Q3543098
156450,,Q2660767
152111,,Q16968866
141873,,Q239916
150458,,Q2034318
239366,,Q2805448
155373,Ger_Smit,Q2158735
136443,,Q1946470
137801,,Q2411888
170901,,Q2525290
154484,Kees_Slager,Q2553131
231856,,Q2214173
133614,,Q1940079
146260,,Q1834898
128284,Ferry_Maat,Q2425010
118055,Johan_van_der_Keuken,Q936935
138944,,Q2555265
96510,Gerard_Ekdom,Q2003113
137230,,Q2387603
113360,,Q1902137
151433,Gijs_Scholten_van_Aschat,Q2768223
252427,,Q18608968
126065,,Q2559650
120668,,Q3383065
160309,,Q719671
123874,,Q2610655
157307,,Q4865113
119396,,Q4408668
133207,,Q2432987
105581,Jan_Haasbroek,Q3110735
114478,Pim_Jacobs,Q574960
94135,,Q2366975
245647,,Q2186108
124390,Leo_de_Later,Q3503432
249413,,Q1832735
158988,,Q139438
212514,,Q2438390
108902,,Q2049583
114586,,Q1873696
150520,,Q2489033
92788,,Q13428287
145526,Peter_Jan_Rens,Q2310326
129392,,Q2796420
162799,,Q2074884
254870,,Q2448343
145267,Joop_Reinboud,Q4625897
116649,,Q1900828
161140,,Q2430828
209702,,Q520269
96821,,Q1282569
86410,,Q2181808
79168,Wim_de_Bie,Q2479336
119349,Co_de_Kloet,Q2571041
107875,,Q2133703
87876,,Q3085988
247012,,Q2298153
87434,Hansje_Bunschoten,Q2489159
126317,Wibo_van_de_Linde,Q1975053
160218,,Q2798492
254043,,Q16193920
107861,Gerda_Havertong,Q2334560
102228,,Q961929
86951,Edo_Brunner,Q2473240
164629,Paul_Verhoeven,Q129079
139418,Dani%C3%ABlle_Overgaag,Q2457814
147951,,Q2185199
77645,Milo_Anstadt,Q2197688
223127,,Q15729390
233945,,Q2310732
156414,,Q455386
168857,,Q1343453
135873,,Q2491777
97832,,Q2067757
122941,,Q2118676
133492,,Q2329607
212134,,Q5515921
166900,,Q942747
105430,,Q2535025
148428,,Q2146463
238865,,Q2467081
138949,Martine_van_Os,Q2266725
76660,,Q2609510
117688,Hans_Kaz%C3%A0n,Q2002808
80770,,Q2202315
109399,,Q2279770
241549,,Q2122682
103716,Leo_van_der_Goot,Q2841658
209769,,Q2390892
131413,Ischa_Meijer,Q896193
126348,,Q2236853
123296,,Q1656387
169015,,Q3522438
248511,,Q2156052
151414,Annemieke_Schollaardt,Q2678341
213247,,Q1846866
88478,Jan_Carmiggelt,Q1814385
100059,,Q2735633
247086,,Q2251033
116132,,Q1975028
141969,Ghislaine_Plag,Q2342880
113076,,Q2197920
120905,,Q2783414
166673,,Q2382342
249312,,Q2477153
142376,Fons_de_Poel,Q2723898
231151,,Q2629432
228409,,Q2200541
102868,Hans_Goedkoop,Q2602910
87114,Boudewijn_B%C3%BCch,Q894993
116195,,Q2406716
139977,,Q469283
97056,,Q1961015
133522,,Q2081445
82136,,Q1662864
115143,,Q15869311
114446,,Q2381111
116039,Astrid_Joosten,Q2535876
127980,Ton_Lutz,Q2246903
247113,,Q2126394
85615,,Q1919549
85615,,Q1919549
85615,,Q1919549
85227,Mies_Bouwman,Q426489
172685,,Q2533690
241696,,Q15879180
114097,Guido_Jonckers,Q4797924
172660,,Q2279047
151035,,Q1921528
242302,,Q4855339
86046,,Q2162121
159538,,Q2395584
247606,,Q443478
248709,,Q3007839
167768,,Q2694595
254897,,Q1816510
127234,,Q1653862
82960,Karin_Bloemen,Q2410535
78629,,Q2444285
98678,Martin_Gaus,Q2343006
169134,,Q2688394
170851,,Q2162639
123503,,Q2753325
136007,,Q1685717
103898,,Q2236661
145049,,Q291116
144342,Fons_Rademakers,Q470831
111012,Thom_Hoffman,Q762701
90044,Simon_van_Collem,Q14339790
119468,,Q1938816
210280,,Q16213332
170155,,Q2186728
81660,,Q2355735
162700,,Q2428986
165836,,Q15908652
100669,,Q2481469
224410,,Q2306730
163823,,Q2494593
221152,Tijs_Tinbergen,Q2217557
212018,,Q5577708
122867,,Q3034269
244455,,Q2616123
162531,,Q13428399
94248,,Q2399331
131661,,Q1819353
109693,Han_Hollander,Q151856
93459,,Q523784
221553,,Q2928004
240774,,Q4138316
221515,,Q2435748
86222,,Q2921777
125215,Jan_Lenferink,Q2191088
122107,,Q2105266
167317,,Q2316502
86703,,Q2197835
159023,,Q322888
151479,Teddy_Scholten,Q229964
147277,Peter_R%C3%B6mer,Q2487628
152985,,Q2096541
146195,Mark_Rietman,Q2863647
109160,,Q1887127
122852,Aad_van_Leeuwen,Q1923291
100296,Nelly_Frijda,Q1555445
245980,,Q2106294
166151,,Q2500019
166257,,Q11589743
243735,,Q2420194
251261,,Q1853184
139946,,Q2191730
172668,,Q2250763
108373,,Q1811351
105557,,Q1813977
123701,Frank_Lammers,Q3193693
127774,,Q2129102
238370,,Q2659278
227943,,Q1825698
210832,,Q2017006
95112,,Q2660319
95112,,Q2660319
151037,,Q873728
129064,,Q1902134
229554,,Q2203471
158993,,Q1990832
132151,Jeroen_van_Merwijk,Q1968083
103668,,Q6687277
212160,,Q1925276
155904,,Q2749910
103504,,Q2200251
248615,,Q2414826
171036,,Q4008578
141381,,Q2049111
156071,,Q484882
112591,Chiem_van_Houweninge,Q1072426
139701,,Q2474037
85614,,Q523964
85406,,Q2226112
79527,,Q2193799
103735,Rijk_de_Gooyer,Q262886
132077,Erik_van_Muiswinkel,Q1970437
96954,Ad_van_Emmenes,Q2274440
113626,,Q5663976
154257,Frits_Sissing,Q1823094
233403,,Q2658882
144257,Jur_Raatjes,Q2178872
243732,,Q2196942
133304,,Q1992492
173208,,Q4398367
90466,Rita_Corita,Q2519496
142520,Clairy_Polak,Q3280588
82970,Philip_Bloemendal,Q2371763
167107,,Q2021668
149133,Michiel_de_Ruyter,Q1931242
226551,,Q2649422
241533,,Q2194553
170532,,Q2688830
166437,Skip_Voogd,Q2305203
103462,,Q305506
144170,,Q3020446
115771,Ad_van_Kempen,Q345821
136112,,Q3989294
158829,,Q2156108
214007,,Q5649511
91923,,Q2092999
86364,,Q6148622
91707,Gert-Jan_Dr%C3%B6ge,Q2135825
242170,,Q2004510
138543,,Q2655339
143971,,Q5371023
120829,Kees_van_Kooten,Q2653932
173337,Andr%C3%A9_Zwartbol,Q2690586
125118,,Q2994114
127012,,Q15880638
100054,Porgy_Franssen,Q3446737
158199,,Q1934572
246229,,Q1639353
246658,,Q2098519
96166,,Q2350960
161933,,Q2354307
226814,,Q2594301
126443,,Q1912105
81919,,Q920
95999,,Q2325398
157219,,Q950648
146194,,Q4470132
87892,Kees_Buurman,Q1885595
153532,Freek_Simon,Q2782526
168324,,Q3119822
148102,,Q4813867
97154,Rick_Engelkes,Q2832711
75305,,Q6071998
86113,Tijs_van_den_Brink,Q2295067
83729,Marit_van_Bohemen,Q1847038
86584,,Q1909357
106699,,Q2662677
120477,Martin_Koolhoven,Q461191
100362,Sjors_Fr%C3%B6hlich,Q2205817
78308,,Q2198488
145241,,Q1359910
110571,,Q2012812
221511,,Q2462781
95648,,Q4786485
215143,,Q2351322
148784,,Q2190674
159479,,Q3381901
164392,Simone_Walraven,Q2501455
255352,,Q2751365
253185,,Q2191453
151456,,Q2031513
128295,,Q2488324
127011,,Q1820011
151178,Wouke_van_Scherrenburg,Q2535118
77264,Frans_Bauer,Q607838
94484,,Q2191825
89692,Jan_de_Cler,Q4329254
75515,,Q15882384
79717,Sonja_Barend,Q2188554
211003,,Q2801236
235628,Annechien_Steenhuizen,Q2005451
136559,Edvard_Niessing,Q2430234
96818,,Q2110478
106713,,Q15873786
165752,,Q376520
103760,Paul_van_Gorcum,Q2235490
114141,John_Jones,Q1829452
79145,Michiel_Bicker_Caarten,Q2248884
212267,,Q3005010
147875,,Q2547493
243584,,Q2246285
101553,,Q2263406
131378,,Q2597256
99720,Curt_Fortin,Q2269896
122393,,Q1557410
161532,Krijn_Torringa,Q1788929
233534,,Q2742492
148362,Lex_Runderkamp,Q2071169
136009,Leo_Nelissen,Q3091772
116608,Antonie_Kamerling,Q2368428
81512,,Q13815342
240597,,Q1471551
159845,Humberto_Tan,Q1845762
85507,,Q2316818
96267,,Q2010594
157952,,Q2190460
119886,Victoria_Koblenko,Q2446815
129447,,Q2588276
115354,,Q12012936
112418,,Q2834749
100722,Cor_Galis,Q2273525
250727,,Q2138371
210624,Ernst_Dani%C3%ABl_Smid,Q1859362
157844,,Q6873597
93501,,Q1872103
168537,Mieke_van_der_Weij,Q3246025
116367,,Q2319205
116702,,Q2377046
111477,,Q31719
160547,,Q1884824
157401,,Q2201155
255324,,Q2058766
104234,Rients_Gratama,Q2292828
221770,,Q18224962
86920,,Q628346
249627,,Q2793802
120456,Wim_Koole,Q2679081
115375,,Q2314995
85795,,Q1965576
82997,Dieuwertje_Blok,Q2150652
83101,,Q2670109
229702,,Q6793825
115385,,Q2431066
84887,Carlo_Boszhard,Q1041909
163865,Hans_Veerman,Q2467948
109124,Toon_Hermans,Q2095821
83419,,Q2697567
236576,,Q6109752
101302,Jochem_van_Gelder,Q4779704
91166,Tatum_Dagelet,Q2273036
172743,,Q668582
154552,,Q16097408
99148,Harrie_Geelen,Q336607
140074,,Q2427170
241434,,Q7192786
84657,,Q16727595
113902,,Q2546378
105253,,Q2344039
167159,,Q850116
157745,Gijs_Staverman,Q2951921
234526,,Q4292233
172931,,Q2422001
212750,,Q2048580
115259,,Q1965845
122834,,Q923335
245176,,Q1833124
226440,,Q5752500
133409,Albert_Mol,Q975415
119541,,Q3967569
113323,Kas_van_Iersel,Q2016651
212396,,Q2291028
159713,,Q1913527
79756,Cees_Bijlstra,Q2984675
93302,,Q82538
157713,,Q2227819
243106,,Q2644136
110604,Karen_van_Holst_Pellekaan,Q2939104
120467,Anton_Koolhaas,Q2502688
127722,,Q2526101
253519,,Q2346566
143644,Kees_Prins,Q2281648
170645,,Q1391435
119487,Nicolette_Kluijver,Q634596
118107,Marjolein_Keuning,Q2522855
115279,,Q561789
151728,Katja_Schuurman,Q82246
227799,,Q2585538
247832,,Q3979363
144317,Fred_Rack%C3%A9,Q2543720
252833,,Q15872887
,Jennifer de Jong,114282
86993,Kees_Brusse,Q927496
142935,Gerardjan_Rijnders,Q2347804
153560,,Q16213138
255130,,Q2415784
116567,,Q2758862
160091,,Q2195887
94107,,Q2251416
77741,,Q2625699
103978,,Q576362
114592,,Q4536126
239194,,Q2295081
84826,,Q468248
243133,,Q2100984
91287,Josine_van_Dalsum,Q1291789
150694,,Q354241
82236,Willem_van_Beusekom,Q2495680
97502,,Q2049782
243867,,Q2513928
85914,,Q2403503
167038,,Q2034365
210454,Lisa_Wade,Q2582009
151176,Ageeth_Scherphuis,Q2197654
120835,,Q2592707
120835,,Q2592707
153506,Tatjana_Simic,Q547378
105987,Georgette_Hagedoorn,Q2801314
161402,Aad_van_Toor,Q2346446
144568,,Q2672787
222398,Alex_van_Galen,Q2192642
91019,,Q2049430
104495,,Q2043242
168143,,Q2673135
138079,,Q2952562
89697,,Q2249843
152924,,Q4458346
133598,,Q2621900
159568,,Q1863939
106484,,Q2007848
249059,,Q2785630
112491,,Q828989
112491,,Q828989
112491,,Q828989
168382,,Q1966258
121783,,Q2389846
160454,,Q385703
102523,,Q2278902
105596,,Q232400
248523,,Q6028333
151717,,Q2117480
95397,Frans_van_Dusschoten,Q1996191
170007,,Q2797935
79040,,Q2489884
108557,Monic_Hendrickx,Q1931644
164146,Louis_Velleman,Q2083782
155677,,Q1905520
126555,Joris_Linssen,Q5631432
170899,,Q2550173
134742,Jan_Mulder,Q710080
117861,,Q2934217
77196,,Q303878
241088,,Q4755698
96965,Stephen_Emmer,Q7609148
86595,Walter_Crommelin,Q2056196
125901,,Q1983252
137495,Karl_Noten,Q2188655
237613,,Q1682167
75202,,Q401107
86399,,Q2013166
137324,,Q5552583
91411,Ellen_ten_Damme,Q243132
171085,,Q2026993
164921,Gijs_Wanders,Q2039148
213131,Simone_Weimans,Q2182138
158874,Bert_Tigchelaar,Q4633050
138749,Alice_Oppenheim,Q2450026
126183,,Q2228286
232711,,Q2174401
169266,Filemon_Wesselink,Q1412636
86406,,Q944323
231115,,Q2039636
109867,,Q1981012
129563,,Q2883654
164867,,Q2644505
245796,,Q2324978
134201,,Q2460704
252156,,Q3510428
98165,,Q1927389
239236,,Q2312336
164773,,Q2881837
76075,,Q2439541
169302,Albert_West,Q2237295
138039,Reinout_Oerlemans,Q2430416
110858,Charles_Huguenot_van_der_Linden,Q1064916
133437,Olav_Mol,Q2576560
106462,,Q4553090
250971,,Q3056460
129110,,Q2142400
242476,,Q2607047
83601,,Q2183387
129745,,Q359008
154929,,Q2019323
105741,,Q3259815
105741,,Q1960272
125524,,Q1497725
169962,,Q4558548
94873,,Q1992154
110885,Marc-Marie_Huijbregts,Q2105829
170258,Ruud_de_Wild,Q2293563
135965,Wim_Neijman,Q2274534
215283,Jetske_van_den_Elsen,Q2693883
77962,Ger_Apeldoorn,Q2163392
128070,,Q2642634
230016,,Q2598505
248977,,Q2552335
158902,Joop_van_Tijn,Q735412
136633,Jeroen_Nieuwenhuize,Q1988015
126347,,Q2127231
126141,,Q712250
154494,Jan_Slagter,Q2222619
136845,Rob_de_Nijs,Q1041895
245269,,Q269679
147953,,Q1814289
124850,Simon_van_Leeuwen,Q2569835
139164,,Q2390659
96526,,Q2717806
238772,,Q2232082
245172,,Q6276079
155621,,Q981492
171215,,Q1936571
82906,,Q1902142
168996,Lucille_Werner,Q2770958
167946,Maarten_Wansink,Q3439775
163809,,Q1931255
,Wessel van Diepen,93329
165675,,Q2804372
83333,,Q13538517
167018,Fabienne_de_Vries,Q2015416
242401,,Q1812843
155692,,Q2442838
223164,,Q2330817
247815,,Q687519
210181,Hans_Smit,Q2262458
126231,,Q18060144
225092,,Q18608223
104644,Frank_Groothof,Q2361886
82169,,Q2502402
112614,,Q2424727
78442,,Q554784
85870,Ria_Bremer,Q4026718
246867,,Q1847091
80521,Eddy_Becker,Q2658327
163805,,Q18340389
119787,,Q2670716
213779,,Q2264308
89937,Horace_Cohen,Q2527232
115108,,Q503281
96187,,Q3336246
154021,,Q2314856
136995,Tosca_Niterink,Q2150912
226733,,Q2268472
113659,,Q1910980
172152,,Q1398870
240008,,Q1869057
232810,,Q15882576
83449,,Q2136376
139154,,Q2289573
93531,,Q2125425
92219,,Q2595771
253910,,Q2583454
164190,,Q2440810
169894,,Q979438
125278,,Q3163544
103505,,Q2526305
105851,,Q5699650
95640,,Q4979202
125363,,Q514776
99505,Ren%C3%A9e_Fokker,Q2232390
97061,,Q2689880
242913,,Q2060692
86231,,Q2358613
246764,,Q2740249
241502,,Q991702
79725,,Q2248333
172840,,Q2191996
81620,,Q973394
116769,Wim_Kan,Q2666043
249172,,Q2660319
109251,,Q428676
172707,Aart_Zeeman,Q2052523
166718,,Q8003620
227015,Diana_Sno,Q1821553
242488,,Q2442391
228590,,Q937471
145362,Theo_Reitsma,Q2618891
155319,,Q2805063
252962,,Q2386222
234600,,Q2125308
152294,Annemiek_Schrijver,Q2344124
168378,,Q2295980
141553,Debby_Petter,Q2430961
97729,,Q2414059
241646,,Q1835147
,Erik de Zwart,173305
212375,Michael_Pilarczyk,Q2197242
111749,Henk_van_Hoorn,Q2523221
228445,,Q2213797
246731,,Q14481856
162679,,Q14489488
156914,Bram_van_Splunteren,Q2202199
115035,,Q861574
150142,,Q2986090
225113,,Q2354183
253455,,Q2248577
147613,,Q2684953
170928,,Q559012
78208,,Q2945732
97862,Edwin_Evers,Q1922182
119545,,Q347781
142515,,Q2336128
93490,,Q1608399
253157,,Q2081752
166915,,Q2318560
115733,,Q1609520
162739,Tineke_Verburg,Q2689314
241237,,Q2289502
96268,,Q2075168
247420,,Q2800442
105847,,Q13466241
131190,,Q2581326
136602,,Q2191987
125593,,Q2747496
139315,,Q2467804
81486,,Q2210886
170424,Jeroen_Willems,Q657283
115405,,Q433040
142369,,Q376580
166897,,Q2071792
237971,,Q2219249
124460,Rik_Launspach,Q1951845
244809,,Q1938300
161994,Jan_de_Troye,Q2656787
136558,Sybrand_Niessen,Q2696103
91084,,Q2143886
124566,Hugo_van_Lawick,Q1281022
130231,,Q3191923
127976,,Q2538500
145304,Victor_Reinier,Q4011271
96978,Herman_Emmink,Q2693897
86161,,Q4371323
114531,,Q1949438
85415,,Q2531736
106097,,Q2058315
230119,,Q2284682
104068,,Q8023498
80628,,Q741689
168543,,Q1874293
155052,,Q2579908
109560,,Q2677030
142045,,Q2611288
134872,Hero_Muller,Q3394753
104571,,Q1973520
84816,,Q4882498
123939,,Q11029359
81784,,Q4552057
231175,,Q2583346
137644,,Q1966318
231509,,Q2331468
166224,,Q2356191
91654,Paul_Driessen,Q2196108
84411,,Q2576695
114072,Gerard_Joling,Q1372602
115432,Freek_de_Jonge,Q983255
138556,,Q1639368
241807,,Q4845546
171468,Femke_Wolthuis,Q2211086
112558,,Q1916144
145244,,Q14514690
104048,Dione_de_Graaff,Q2686263
100241,,Q55621
97531,,Q1835762
240702,,Q2320046
166684,Michiel_Vos,Q2401251
86043,,Q2153607
172944,Joop_van_Zijl,Q2112224
121466,,Q1906075
77992,,Q375746
135353,,Q2282034
139355,,Q384819
248747,,Q2199438
121314,,Q1621495
171732,Jack_Wouterse,Q327600
159679,,Q1869065
116615,Piet_Kamerman,Q2280183
220571,,Q2697973
147909,Huib_Rooymans,Q2531043
99422,Marlous_Fluitsma,Q462787
123815,,Q2090640
82858,Manuel_Broekman,Q2615318
250875,,Q6150400
132461,,Q2603605
166333,,Q301365
85217,,Q1337312
122422,Pieter_Kuijpers,Q3093329
128183,,Q2555322
166905,,Q2673226
121373,,Q2235526
102566,,Q2689297
220778,,Q434831
79163,,Q2788603
126605,,Q3152779
149568,,Q1821683
136450,Rick_Nicolet,Q2232313
96022,Arjan_Ederveen,Q2396964
146938,,Q2542271
145237,Pim_Reijntjes,Q4826104
211359,,Q2549232
171238,,Q1992436
121143,,Q2974682
132731,Kees_Middelhoff,Q2789912
246357,,Q2902565
157778,,Q2182413
